LUOGO,ID STAZIONE
ARONA,S01020
ALESSANDRIA,S00470
SORESINA,S01607
STRADELLA,S01945
SUZZARA,S02340
TAINO ANGERA,S01122
TALAMONA,S01426
TERNATE VARANO BORGHI,S01143
TERNO,S01504
FERRERA LOMELLINA,S00404
FIUMELATTE,S01412
CASALETTO VAPRIO,S01604
CASALMAGGIORE,S01850
CASALPUSTERLENGO,S01827
CASLETTO-ROGENO,S01457
CASORATE SEMPIONE,S01029
CASSAGO-NIBIONNO-BULCIAGO,S01490
CASSANO D`ADDA,S01707
CASTEGGIO,S01942
CASTEL D`ARIO,S02382
CASTELLEONE,S01606
CASTELLUCCHIO,S01923
CASTELVETRO,S01960
CASTIONE ANDEVENNO,S01429
CASTRONNO,S01208
CAVA CARBONARA,S00279
CAVA TIGOZZI,S01914
CAVARIA OGGIONA JERAGO,S01210
CERNUSCO-MERATE,S01513
CERTOSA DI PAVIA,S01803
BRESSANA ARGINE,S01930
BRESSANA BOTTARONE,S01805
BRONI,S01944
CHIARI,S01713
CHIAVENNA,S01400
CHIGNOLO PO,S01868
ASOLA,S01847
BOLOGNA C.LE,S05043
BORGOFORTE,S02338
BORGOLOMBARDO,S01830
BOZZOLO,S01920
BRENNA-ALZATE,S01452
BRESCIA,S01717
CANDIA LOMELLINA,S00333
CANNETO SULL`OGLIO,S01848
CANTU`- CERMENATE,S01313
CAPRALBA,S01603
CARAVAGGIO,S01602
CARIMATE,S01315
CARNATE USMATE,S01511
CASALBUTTANO,S01609
TORTONA,S01810
ABBADIA LARIANA,S01416
ABBIATEGRASSO,S01062
ACQUANEGRA CREMONESE,S01913
AIRUNO,S01515
ALBATE CAMERLATA,S01310
ALBATE-TRECALLO,S01450
ALBIZZATE SOLBIATE ARNO,S01209
ALBUZZANO,S01863
AMBIVERE MAPELLO,S01527
ANZANO DEL PARCO,S01453
ARCISATE,S01203
ARCORE,S01510
ARDENNO MASINO,S01427
ARENA PO,S01947
ROMANO,S01711
ROMANORE,S02337
ROVATO,S01714
ROVERBELLA,S02333
S.ANTONIO MANTOVANO,S02334
S. CRISTINA E BISSONE,S01866
PIACENZA,S05000
PIEVE ALBIGNOLA,S00402
BELLANO TARTAVELLE TERME,S01409
S.STEFANO LODIGIANO,S01829
S. ZENO FOLZANO,S01900
S. ZENONE AL LAMBRO,S01823
SAIRANO ZINASCO,S00400
SALA AL BARRO-GALBIATE,S01461
SAMOLACO,S01402
SANGIANO,S01140
SARTIRANA,S00038
MONTIRONE,S01840
MONZA,S01322
MONZA SOBBORGHI,S01480
MORBEGNO,S01425
MORENGO BARIANO,S01710
MORNAGO CIMBRO,S01144
MORTARA,S00034
MOTTEGGIANA,S02339
BUTTAFAVA,S01482
CALCIO,S01712
CALDE`,S01117
PARABIAGO,S01035
PARONA LOMELLINA,S01060
PAVIA,S01860
CORBETTA S. STEFANO,S01041
COSIO TRAONA,S01424
GAZZADA SCHIANNO MORAZZONE,S01207
GAZZO DI BIGARELLO,S02381
GHEDI,S01841
GONZAGA-REGGIOLO,S02344
GROPELLO CAIROLI,S00277
GRUMELLO DEL MONTE,S01537
INDUNO OLONA,S01204
ISPRA,S01121
LAMBRINIA,S01869
LAVENO MOMBELLO,S01118
LECCO,S01520
LECCO MAGGIANICO,S01522
LEGGIUNO MONVALLE,S01120
LEGNANO,S01033
BAGNOLO MELLA,S01901
CHIUDUNO,S01536
CHIURO,S01435
CISANO CAPRINO BERGAMASCO,S01525
CIVATE,S01462
COCCAGLIO,S01540
CODOGNO,S01828
COLICO,S01420
COLOGNE,S01539
COMO S. GIOVANNI,S01307
SECUGNAGO,S01826
SEREGNO,S01318
SERIATE,S01533
SESTO CALENDE,S01026
SESTO S. GIOVANNI,S01325
SOMMA LOMBARDO,S01028
SONDRIO,S01430
BESOZZO,S01141
MOTTA S. DAMIANO,S01862
NICORVO,S00273
OSNAGO,S01512
OSPEDALETTO LODIGIANO,S01871
OSPITALETTO MANTOVANO,S01922
OSTIGLIA,S05304
PADERNO ROBBIATE,S01502
PALAZZOLO SULL`OGLIO,S01538
PALESTRO,S00271
PALIDANO,S02343
TORRE DE` PICENARDI,S01918
TORREBERETTI,S00039
TORRILE S. POLO,S01853
TRAVEDONA BIANDRONNO,S01142
TRECELLA,S01706
TREVIGLIO,S01708
TREVIGLIO OVEST,S01601
TRIUGGIO-PONTE ALBIATE,S01485
TROMELLO,S00275
VALLE LOMELLINA,S00037
LESMO,S01501
LIERNA,S01413
LISSONE-MUGGIO`,S01321
LOCATE TRIULZI,S01801
LODI,S01825
LONATO,S02083
LUINO,S01113
LUNGAVILLA,S01806
MACHERIO-CANONICA,S01484
MACHERIO SOVICO,S01500
PIONA,S01406
PIZZIGHETTONE,S01911
BESANA,S01488
BESNATE,S01145
BIANZONE,S01438
BIASSONO-LESMO PARCO,S01483
MIRADOLO TERME,S01867
MANTOVA FRASSINE,S02380
MODENA,S05032
MOIANA,S01456
MOLTENO,S01458
MONTELLO GORLAGO,S01535
GAMBOLO`REMONDO`,S00274
NOGARA,S05310
NOVARA,S00248
OGGIONO,S01460
OLCIO,S01414
OLEGGIO,S00984
OLEVANO,S00036
OLGIATE-CALCO-BRIVIO,S01514
OLMENETA,S01905
ORIO LITTA,S01870
CALOLZIOCORTE OLGINATE,S01524
CALUSCO,S01503
CALVISANO,S01843
PAVIA PORTA GARIBALDI,S01861
REMEDELLO SOPRA,S01845
REMEDELLO SOTTO,S01846
REVERE,S05305
REVERE SCALO,S05306
RHO,S01037
ROBECCO-PONTEVICO,S01904
ROGOLO,S01423
GAZZO PIEVE S. GIACOMO,S01917
ALBANO S.ALESSANDRO,S01534
ALBONESE,S00033
S. GIACOMO DI TEGLIO,S01436
S. GIOVANNI IN CROCE,S01849
S.GIULETTA,S01943
S. GIULIANO MILANESE,S01821
S.MICHELE IN BOSCO,S01924
POGGIO RUSCO,S05308
NOVATE-MEZZOLA,S01403
PIADENA,S01919
PINAROLO PO,S01931
PIOLTELLO LIMITO,S01703
CORTEOLONA,S01865
COSTA MASNAGA,S01491
CREMA,S01605
DERVIO,S01408
DESIO,S01320
VARENNA ESINO,S01411
VARESE,S01205
VERCELLI,S00245
VERCURAGO S.GIROLAMO,S01523
VERDELLO DALMINE,S01600
VERGIATE,S01027
VEROLANUOVA,S01903
VERONA PORTA NUOVA,S02430
VIADANA BRESCIANA,S01842
VIDALENGO,S01709
VIGEVANO,S01061
VIGNATE,S01704
VILLA DI TIRANO,S01439
VILLA RAVERIO,S01487
VILLAMAGGIORE,S01802
VILLANOVA D`ARDENGHI,S00278
VILLASANTA,S01481
MALEO,S01910
MANDELLO DEL LARIO,S01415
MANERBIO,S01902
MANTOVA,S02336
MARCARIA,S01921
MEDE,S00406
MELEGNANO,S01822
MELZO,S01705
MERONE,S01454
MILANO CERTOSA,S01640
MILANO GRECO PIRELLI,S01326
MILANO LAMBRATE,S01701
MILANO PORTA GARIBALDI,S01645
MI.P.GENOVA,S01631
MILANO PORTA VITTORIA,S01633
MILANO S. CRISTOFORO,S01630
MILANO CENTRALE,S01700
MILANO ROMOLO,S01032
SEVESO,S01925
SARONNO,S01933
MARIANO COMENSE,S01089
ASSO,S01101
COZZO,S00332
CREMONA,S01915
CUCCIAGO,S01312
DELEBIO,S01422
DESENZANO,S02084
DORIO,S01407
BELGIOIOSO,S01864
MILANO DATEO,S01650
BISUSCHIO VIGGIU,S01202
ARCENE,S01608
LEVATE,S01611
STEZZANO,S01612
POZZUOLO MARTESANA,S01722
PREGNANA MILANESE,S01058
MALPENSA,N00048
REGOLEDO,S01410
RENATE-VEDUGGIO,S01489
ROBBIO,S00272
CHIASSO,S01301
CORSICO,S01064
S. CASSIANO VALCHIAVENNA,S01401
SANNAZZARO,S00403
GAGGIANO,S01063
LOMELLO,S00405
MAGENTA,S01040
VERCEIA,S01404
MI P.GAR.SOTT.,S01647
MILANO ROGOREDO,S01820
VANZAGO POGLIANO,S01036
MILANO BOVISA FNM,S01642
MILANO LANCETTI,S01643
MILANO PORTA ROMANA,S01632
MILANO VENEZIA,S01649
TRECATE,S00252
TRESENDA-APRICA-TEGLIO,S01437
TREZZANO S.N.,S01065
VALMADRERA,S01463
VOGHERA,S01807
SAIRANO,S00408
CANTU`,S01451
CARATE-CALO`,S01486
SEGRATE,S01715
BUSTO ARSIZIO,S01031
CAMNAGO-LENTATE,S01316
CANEGRATE,S01034
CAVA MANARA,S01804
DUBINO,S01405
TIRANO,S01440
PARATICO SARNICO,S01620
CAPRIOLO,S01622
ASTI,S00462
BARBIANELLO,S01932
BERGAMO,S01529
OSPITALETTO TRAVAGLIATO,S01716
S. PIETRO BERBENNO,S01428
VILLETTA MALAGNINO,S01916
VISANO,S01844
VITTUONE ARLUNO,S01042
ZINASCO NUOVO,S00401
MADIGNANO,S01610
POGGIRIDENTI-TRESIVIO-PIATEDA,S01433
PONTE D`ADDA,S01912
PONTE IN VALTELLINA,S01434
PONTE S.MARCO - CALCINATO,S02082
PONTE S.PIETRO,S01528
PONTIDA,S01526
PORTO CERESIO,S01200
PORTO VALTRAVAGLIA,S01116
TAVAZZANO,S01824
GALLARATE,S01030
GARLASCO,S00276
SESTRI LEVANTE,S04725
SORI,S04712
TAGGIA ARMA,S04506
VARAZZE,S04531
VENTIMIGLIA,S04501
ARCOLA,S06006
ACQUI TERME,S00867
AIROLE,S04481
ALASSIO,S04515
ALBENGA,S04516
BOGLIASCO,S04709
BORDIGHERA,S04503
BORGHETTO SANTO SPIRITO,S04518
BORGO FORNARI PER VOLTAGGIO,S04214
BUSALLA,S04215
CAMOGLI SAN FRUTTUOSO,S04716
CAMPOLIGURE MASONE,S04105
CAVI,S04724
CELLE,S04530
CERIALE,S04517
CERVO SAN BARTOLOMEO,S04512
COGOLETO,S04532
CORNIGLIA,S04734
DEIVA MARINA,S04728
DIANO MARINA,S04511
FINALE LIGURE MARINA,S04522
FRAMURA,S04729
GENOVA ACQUASANTA,S04107
GENOVA BOLZANETO,S04218
GENOVA BORZOLI,S04109
GENOVA GRANARA,S04108
GENOVA MARITTIMA S. LIMBANIA,S04603
GENOVA NERVI,S04707
GENOVA PEGLI,S04536
GENOVA P.PRINCIPE,S04700
GENOVA PONTEDECIMO,S04217
GENOVA QUARTO DEI MILLE,S04704
GENOVA RIVAROLO,S04219
GENOVA SAMPIERDARENA,S04220
GENOVA STURLA,S04703
GENOVA VESIMA,S04540
GENOVA VOLTRI,S04534
ISOLA DEL CANTONE,S04210
LA SPEZIA CENTRALE,S06000
LAIGUEGLIA,S04514
LAVAGNA,S04723
LEVANTO,S04731
LOANO,S04519
MELE,S04106
MIGNANEGO,S04212
MONEGLIA,S04727
MONTEROSSO,S04732
OLIVETTA SAN MICHELE,S04480
OVADA,S04103
PIANO ORIZZONTALE DEI GIOVI,S04216
PIETRABISSARA,S04209
PIEVE LIGURE,S04711
F00049,F00049
BIVIO/PC ARCOLA,S06008
S. STEFANO DI MAGRA,S06170
F00007,F00007
F00008,F00008
SAVONA MARITTIMA,S04800
SPOTORNO NOLI,S04526
VALLECROSIA,S04502
VERNAZZA,S04733
ZOAGLI,S04721
GENOVA COSTA DI SESTRI PONENTE,S04110
GENOVA QUINTO AL MARE,S04705
GENOVA VIA DI FRANCIA,S04223
BORGIO VEREZZI,S04521
GENOVA P. PRINCIPE SOTTERRANEA,S04701
CAIRO MONTENOTTE,S00879
CENGIO,S00745
ALBISOLA,S04529
BRAGNO,S04803
GENOVA CORNIGLIANO,S04538
IMPERIA ONEGLIA,S04510
PIETRA LIGURE,S04520
S. MARGHERITA LIGURE PORTOFINO,S04718
GENOVA PRA,S04535
GENOVA SESTRI PONENTE,S04537
GENOVA BRIGNOLE,S04702
PONTETTO,S04710
MULINETTI,S04713
CHIAVARI,S04722
RIVA TRIGOSO,S04726
BONASSOLA,S04730
MANAROLA,S04735
FERRANIA,S04804
MASCHIO,S04811
VEZZANO LIGURE,S06171
PONZANO MAGRA,S06200
GENOVA S.BIAGIO,S04222
PONT,S00890
DEGO,S00877
PISA CENTRALE,S06500
ROCCHETTA CAIRO,S00878
PIANA,S00876
CA` DI BOSCHETTI,S06044
PARMA,S05014
LA SPEZIA MIGLIARINA,S06004
LA SPEZIA MARITTIMA,S06002
SARZANA,S06007
ALTARE,S04810
ANDORA,S04513
ARENZANO,S04533
ARQUATA SCRIVIA,S04207
BEVERA,S04482
CEVA,S00742
BREIL SUR ROYA,S00622
QUILIANO VADO,S04527
RAPALLO,S04720
RECCO,S04714
RIOMAGGIORE,S04736
RONCO SCR.,S04211
ROSSIGLIONE,S04104
SAN GIUSEPPE DI CAIRO,S04805
SAN REMO,S04505
SANTUARIO,S04802
SAVONA,S04801
RIVALTA SCRIVIA,S04331
RONCO SCR.,S04211
SAN GIUSEPPE DI CAIRO,S04805
SERRAVALLE SCRIVIA,S04206
STAZZANO SERRAVALLE,S04303
TORTONA,S01810
VILLALVERNIA,S04301
VISONE,S04100
AGLIANO CASTELNUOVO CALCEA,S00804
AIRASCA,S00514
ALICE BELCOLLE,S00809
ALPIGNANO,S00216
AOSTA,S00137
ARONA,S01020
ACQUI TERME,S00867
ALESSANDRIA,S00470
DEVIATOIO ESTREMO TORTONA,S01050
CASSANO SPINOLA,S04302
CASTELSPINA PORTANOVA,S04001
DONNA,S04202
FRUGAROLO BOSCOMARENGO,S04200
GENOVA VOLTRI,S04534
MOLARE,S04102
NOVI LIGURE,S04203
OVADA,S04103
OVADA NORD,S04007
SILLAVENGO,S00978
SIZZANO,S00111
SOMMARIVA BOSCO,S00730
SPIGNO,S00874
SPINETTA,S01940
STRESA,S01016
STREVI,S00866
SUNO,S00018
CASALE MONFERRATO,S00314
CASALE POPOLO,S00179
CASTAGNOLE DELLE LANZE,S00828
CASTELL`ALFERO,S00343
CASTELLETTO BUSCA,S00720
CASTELLINO TANARO,S00741
CASTELNUOVO BELBO,S00836
CASTELROSSO,S00233
CAVAGNOLO BRUSASCO,S00423
CENTALLO,S00608
CERVIGNASCO,S00546
BRICHERASIO,S00521
BRIONA,S00113
BROZOLO,S00424
BRUNO,S00837
BUSCA,S00704
BUSSOLENO,S00208
ARQUATA SCRIVIA,S04207
CEVA,S00742
CHERASCO,S00733
CHIERI,S00500
CHIOMONTE,S00206
AVIGLIANA,S00214
BIVIO CASTELROSSO,S00027
BIVIO SESIA,S00005
BAGNASCO,S00921
BIELLA S.PAOLO,S00070
BISTAGNO,S00870
BOLZANO NOVARESE,S00014
BORGO LAVEZZARO,S00032
BORGO REVEL,S00171
BORGO TICINO,S00981
BORGO VERCELLI,S00246
BORGOFRANCO,S00152
BORGOMANERO,S00016
BORGONE,S00210
BORGORATTO,S00860
BORGOSESIA,S00104
BRA,S00821
BRANDIZZO,S00231
BREIL SUR ROYA,S00622
CANDELO,S00071
CANDIOLO,S00512
CANDOGLIA ORNAVASSO,S01011
CANELLI,S00832
CANTALUPO,S00841
CARENTINO,S00839
CARISIO,S00055
CARMAGNOLA,S00601
CARPIGNANO SESIA,S00971
CARRU` CLAVESANA,S00738
POZZOLO FORMIGARO,S04330
PRASCO CREMOLINO,S04101
PREDOSA,S04003
RIGOROSO,S04208
RIO SECCO,S04004
S.BENIGNO DI CUNEO,S00609
S. DAMIANO D`ASTI,S00461
PESSIONE,S00457
PETTENASCO,S00011
PIANFEI,S00903
PIEVETTA,S00922
BALZOLA,S00178
BANDITO,S00732
BARDONECCHIA,S00202
BASTIA MONDOVI`,S00908
BAZZANA,S00807
BEINETTE,S00901
BELGIRATE,S01017
BELLINZAGO,S00985
S. PAOLO SOLBRITO,S00463
S.SEBASTIANO PO,S00420
S.STEFANO BELBO,S00831
S.VITTORIA,S00822
SALBERTRAND,S00205
SALE LANGHE,S00743
SALICETO,S00744
SALUGGIA,S00235
SALUSSOLA,S00074
SANDIGLIANO,S00072
SANFRE`,S00731
MONCALIERI SANGONE,S00510
SANTHIA`,S00240
PENANGO,S00341
MONTEU DA PO,S00422
MONTICELLO D`ALBA,S00823
MONTIGLIO MURISENGO,S00426
MORTARA,S00034
NARZOLE,S00734
NEIVE,S00827
CALAMANDRANA,S00833
LESEGNO,S00954
FONTANETTO PO,S00174
COSSATO,S00973
COSTIGLIOLE (MOTTA DI),S00348
COSTIGLIOLE D`ASTI,S00829
COSTIGLIOLE SALUZZO,S00702
GARBAGNA,S00030
GARESSIO,S00924
GATTINARA,S00052
GHEMME,S00110
GOZZANO,S00015
GRAVELLONA TOCE,S00007
GRIGNASCO,S00106
INCISA SCAPACCINO,S00835
IVREA,S00154
LAURIANO,S00421
LESA,S01018
BALDICHIERI,S00460
CHIVASSO,S00232
COCCONATO,S00425
COMIGNAGO,S00050
CONDOVE,S00212
SAVIGLIANO,S00604
SCALENGHE,S00540
SERRALUNGA CERESETO,S00338
SERRAVALLE D`ASTI,S00431
SESTO CALENDE,S01026
SETTIME CINAGLIO MOMBARONE,S00430
SETTIMO TAVAGNASCO,S00151
OVIGLIO,S00840
OZZANO MONFERRATO,S00337
PALAZZOLO VERCELLESE,S00175
PALLANZENO,S00002
TORRE PELLICE,S00524
TORREBERETTI,S00039
TRAPPA,S00925
TRINITA` BENE VAGIENNA,S00950
TRINO VERCELLESE,S00176
TROFARELLO,S00455
VALENZA,S00041
VALMADONNA,S00042
LIVORNO FERRARIS,S00237
LIMONE,S00617
LUSERNA S. GIOVANNI,S00523
MADDALENE,S00607
MADONNA DEL PILONE,S00820
PINEROLO,S00517
PISCINA DI PINEROLO,S00515
BERGAMASCO,S00838
BIANZE`,S00238
BIBIANA,S00522
MOMBALDONE ROCCAVERANO,S00873
MOMBARUZZO,S00808
MOMO,S00019
MONCALIERI,S00453
MONCALVO,S00340
MONCHIERO DOGLIANI,S00735
MONDOVI`,S00952
MONGARDINO,S00801
MONTALTO DORA,S00153
MONTANARO,S00160
MONTECHIARO D`ASTI,S00428
MONTECHIARO DENICE,S00872
MONTEGROSSO,S00803
FOSSANO,S00606
GAMALERO,S00861
NICHELINO,S00511
NIELLA,S00739
NOVARA,S00248
NUCETTO,S00920
OLCENENGO,S00244
OLEGGIO,S00984
OMEGNA,S00010
ORNAVASSO,S00006
ORTA MIASINO,S00012
CALTIGNAGA,S00020
PRATO SESIA,S00108
PREMOSELLO CHIOVENDA,S01009
QUARONA,S00102
QUINCINETTO,S00150
RACCONIGI,S00602
RHO,S01037
ROBILANTE,S00615
ROCCACIGLIE`,S00740
ROCCADEBALDI,S00905
ROCCAVIONE,S00614
ROCCHETTA TANARO CERRO,S00466
RODALLO,S00159
ROMAGNANO SESIA,S00109
ROSTA,S00215
S.ANNA ROBELLA,S00434
S. ANTONINO DI SALUGGIA,S00236
S. ANTONINO VAIE,S00211
MONASTERO PRATAVECCHI,S00721
FELIZZANO,S00468
POGLIOLA,S00904
POMBIA,S01125
PONTECURONE,S01809
PONTI,S00871
PONZANA,S00247
PORTACOMARO,S00344
PORTO VARALLO POMBIA,S01124
SOLERO,S00469
STRAMBINO,S00155
SUSA,S00260
GHISLARENGO,S00974
GIAROLE,S00316
MAGLIANO CRAVA MOROZZO,S00951
S. GERMANO VERCELLESE,S00243
S.GIORGIO CASALE,S00336
S.GIULIANO PIEMONTE,S01941
POCAPAGLIA,S00842
DORMELLETTO,S01025
NIZZA MONFERRATO,S00834
NONE,S00513
PC. MEANA,S00207
PERTENGO,S00311
PIEDIMULERA,S00003
CUNEO GESSO,S00611
CUREGGIO,S00051
VARALLO POMBIA,S00982
VARALLO SESIA,S00100
VERBANIA-PALLANZA,S01013
VERCELLI,S00245
VERGNASCO,S00073
VERNANTE,S00616
VEROLENGO,S00170
VERZUOLO,S00701
VESPOLATE,S00031
VICOFORTE SAN MICHELE,S00953
VIGLIANO CANDELO,S00977
VIGLIANO D`ASTI,S00802
VIGNALE,S00021
VIGONE,S00542
VILLADOSSOLA,S00001
VILLAFRANCA C.,S00459
VILLAFRANCA P.,S00543
MARGARITA,S00902
MERGOZZO,S01012
PINEROLO OLIMPICA,S00082
CRESCENTINO,S00172
CRESSA FONTANETO,S00017
CUNEO,S00610
CUNICO SCANDELUZZA,S00427
CUZZAGO,S01010
DOMODOSSOLA,S01003
DOMO II,S01004
DORMELLETTO PAESE,S00980
DRONERO,S00722
EXILLES,S00251
FARA,S00112
FARIGLIANO,S00737
BAVENO,S01015
BIELLA CHIAVAZZA,S00970
MORETTA,S00544
NIBBIA,S00976
OULX CESANA CLAVIERE SESTRIERE,S00204
BORGO S.MARTINO,S00315
CAMBIANO SANTENA,S00456
F00010,F00010
F00047,F00047
VILLANOVA,S00458
TORINO PORTA SUSA,S00035
S.SILVESTRO,S00173
SETTIMO,S00229
SEZZADIO,S00862
CHIUSANO COSSOMBRONE,S00429
COLLEGNO,S00217
PRIOLA,S00923
ROVASENDA,S00053
S. AMBROGIO,S00213
ISOLA D`ASTI,S00347
MANTA,S00700
TORRE S.GIORGIO,S00545
TRONZANO,S00239
F00009,F00009
SAN GIACOMO,S04005
TORINO DORA,S00224
VAPRIO D`AGOGNA,S00022
MARANO TICINO,S00983
MEINA,S01019
MERANA,S00875
MERCENASCO,S00156
VILLASTELLONE,S00600
VOGHERA,S01807
PIEVE VERGONTE,S00004
BORGO SAN DALMAZZO,S00613
BRUZOLO,S00209
CASALEGGIO,S00972
CASSINE,S00864
CASTELLETTO TICINO,S01123
CASTELLO D`ANNONE,S00465
CASTELLAZZO CASALCERMELLI,S04000
ROVASENDA ALTA,S00056
BURONZO,S00054
CALUSO,S00158
CANDIA CANAVESE,S00157
CAVALLERMAGGIORE,S00603
CERCENASCO,S00541
ROCCAGRIMALDA,S04006
ECA NASAGO`,S00926
TERZO MONTABONE,S00869
TORINO LINGOTTO,S00452
TORINO S. PAOLO,S00223
TORINO SMISTAMENTO NORD,S00450
TORINO STURA,S00228
TONCO ALFIANO,S00342
TORINO P.NUOVA,S00219
TORRAZZA P.,S00234
CARBONARA SCRIVIA,S04300
ALBA,S00825
ASTI,S00462
BIVIO MADONNA DELL`OLMO,S00029
BEAULARD,S00203
MORANO SUL PO,S00177
MUSSOTTO,S00824
OMEGNA CRUSINALLO,S00008
BEURA CARDEZZA,S01007
MADONNA DELLA SCALA,S00501
TORINO ORBASSANO FASCIO SUD,S00220
VOGOGNA OSSOLA,S01008
DONNAZ,S00148
AOSTA,S00137
AOSTA VIALE EUROPA,S00146
AVISE,S00133
PONT SAINT MARTIN,S00149
NUS,S00140
VERRES,S00145
VILLENEUVE,S00135
DERBY,S00162
PRE` SAINT DIDIER,S00130
QUART,S00138
SAINT PIERRE,S00161
SARRE,S00136
MONTJOVET,S00144
MORGEX,S00131
HONE BARD,S00147
IVREA,S00154
LA SALLE,S00132
CHAMBAVE,S00141
CHATILLON SAINT VINCENT,S00142
ARVIER,S00134
AOSTA ISTITUTO,S00143
COLLEFERRO-SEGNI-PALIANO,S08657
CASTRO-POFI,S08663
F00023,F00023
QUATTRO VENTI,S08005
FIERA DI ROMA,S08413
SERENISSIMA,S08505
PINETO,S08334
ROMA S.LORENZO,S08218
ROMA TIBURTINA PIAZZALE EST,S08226
Dev.Int. DD/AV,S08220
S. MARIA DELLE MOLE,S08738
SGURGOLA,S08659
CROCICCHIE,S08317
TERRIA,S07425
ROCCA D`EVANDRO,S09200
ISOLETTA-S.GIOVANNI I.,S08665
ROMA TIBURTINA,S08217
ROMA TUSCOLANA,S08408
VALMONTONE,S08656
LABRO MOGGIO,S07427
SORGENTI DEL PESCHIERA,S07434
MONTALTO DI CASTRO,S08008
CIVITAVECCHIA M.MA,S08012
SANTA SEVERA,S08016
ROMA AURELIA,S08025
MADONNA DEL PIANO,S08108
GALLESE BASSANELLO,S08113
POGGIO MIRTETO,S08213
SETTE BAGNI,S08216
PIANA BELLA MONTELIBRETTI,S08222
SIPICCIANO,S08300
MONTEFIASCONE,S08303
VITERBO PORTA ROMANA,S08306
ROMA S.PIETRO,S08323
PONTE GALERIA,S08403
ROMA TRASTEVERE,S08405
ROMA OSTIENSE,S08406
ROMA TERMINI,S08409
PARCO LEONARDO,S08412
GUIDONIA-MONTECELLO-S.ANGELO,S08506
MARCELLINA-PALOMBARA,S08507
VICOVARO,S08511
CISTERNA DI LATINA,S08603
PRIVERNO FOSSANOVA,S08604
FONDI - SPERLONGA,S08606
PAVONA,S08731
TERRACINA,S08809
BIVIO/P.C. SGURGOLA,S08667
MARECHIARO,S08716
MARINA DI CERVETERI,S08022
VILLETTA,S08711
CAPRANICA,S08311
CASTEL GANDOLFO,S08703
CECCANO,S08664
TIVOLI,S08508
TOR SAPIENZA,S08501
ROMA NOMENTANA L.L.,S08236
TOR VERGATA,S08655
IPOGEO DEGLI OTTAVI,S08330
OLGIATA,S08333
APPIANO,S08328
VALLE AURELIA,S08329
ARPINO,S08859
PALO LAZIALE,S08018
FABRICA DI ROMA,S08111
DEVIATOIO ESTREMO KM 2.730-ROMA T.LANA,S08410
CAMPO DI CARNE,S08706
ANZIO COLONIA,S08713
VITERBO PORTA FIORENTINA,S08304
ZAGAROLO,S08652
FIDENE,S08235
POMEZIA - S.PALOMBA,S08601
TARQUINIA,S08009
GALLESE IN TEVERINA,S08210
LA FIORA,S08808
MANDELA-SAMBUCI,S08512
S. EUROSIA,S08739
SANTA MARINELLA,S08015
S.MARTINO AL CIMINO,S08307
POGGIO FIDONI,S07428
COTILIA,S07432
VELLETRI,S08734
VENAFRO,S09060
VETRALLA,S08309
VICO MATRINO,S08310
VIGNA DI VALLE,S08316
VILLA BONELLI,S08399
VILLA CLAUDIA,S08714
MANZIANA-CANALE MONTERANO,S08314
MARINO,S08701
MINTURNO,S09150
FARA SABINA,S08214
BALSORANO,S08856
MOROLO,S08660
ORTE,S08209
PADIGLIONE,S08707
TORRE IN PIETRA-PALIDORO,S08019
TORRICOLA,S08600
TRE CROCI,S08308
CONTIGLIANO,S07404
LIDO DI LAVINIO,S08708
LUNGHEZZA,S08503
MACCARESE,S08020
MAGLIANA,S08404
NETTUNO,S08710
MONTE S.BIAGIO,S08605
MONTEROTONDO,S08215
FRASCATI,S08751
FROSINONE,S08662
NUOVO SALARIO,S08231
ORIOLO,S08313
CAMPOLEONE,S08602
RIETI,S07405
RIOFREDDO,S08517
ROMA CASILINA,S08674
ROMA MONTE MARIO,S08322
GEMELLI,S08326
ROMA PRENESTINA,S08500
ROMA S.FILIPPO NERI,S08325
ROCCA DI FONDI,S07409
ROCCASECCA,S08668
RONCIGLIONE,S08109
ROVIANO,S08515
BASSANO ROMANO,S08312
SALONE,S08502
MURATELLA,S08400
NAPOLI CENTRALE,S09218
CIVITAVECCHIA VIALE DELLA VITTORIA,S08024
FORMIA-GAETA,S08640
CORCHIANO,S08112
GRECCIO,S07403
GROSSETO,S06039
GROTTE S.STEFANO,S08301
ISOLA LIRI,S08858
ITRI,S08607
LA GIUSTINIANA,S08321
LA STORTA,S08320
LANUVIO,S08733
LATINA,S08608
BAGNI DI TIVOLI,S08504
CIAMPINO,S08650
CITTADUCALE,S07406
CIVITA CASTELLANA,S08211
CIVITAVECCHIA,S08010
COLLE MATTIA,S08651
COLLEVECCHIO,S08221
SASSONE,S08712
SEZZE ROMANO,S08609
SORA,S08857
STIMIGLIANO,S08212
TERNI,S07226
FERENTINO-SUPINO,S08661
FIUMICINO AEROPORTO,S08411
CASSINO,S08671
CASTEL BAGNOLO DI ORTE,S08114
CASTEL MADAMA,S08510
CASTEL S.ANGELO,S07407
CECCHINA,S08732
CEPRANO-FALVATERRA,S08666
LADISPOLI-CERVETERI,S08021
CESANO DI ROMA,S08319
ARSOLI,S08516
ATTIGLIANO,S08207
BRACCIANO,S08315
CANCELLIERA,S08735
CANETRA,S07429
CAPANNELLE,S08672
CAPRAROLA,S08110
CARSOLI,S08519
CASABIANCA,S08730
ACQUA ACETOSA,S08715
ALBANO LAZIALE,S08704
ANAGNI-FIUGGI,S08658
ANGUILLARA,S08318
ANTRODOCO BORGO VELINO,S07408
ANTRODOCO CENTRO,S07435
ANZIO,S08709
APRILIA,S08705
ARCE,S08861
F00022,F00022
ANCONA,S07113
CHIUSI C.T.,S06925
SPELLO,S07010
S.LIBERATO,S07235
STRONCONE,S07400
MARMORE,S07401
CITTA` DELLA PIEVE,S08200
FABRO-FICULLE,S08201
CASTIGLIONE IN TEVERINA,S08205
BASSANO IN TEVERINA,S08208
TERONTOLA CORTONA,S06922
VITERBO PORTA FIORENTINA,S08304
PONTE PARRANO DI NOCERA UMBRA,S07233
SPOLETO,S07221
SULMONA,S08539
S.GIACOMO DI SPOLETO,S07220
NOCERA UMBRA,S07213
ELLERA CORCIANO,S07003
NARNI AMELIA,S07230
ORTE,S08209
ORVIETO,S08203
OSPEDALICCHIO,S07012
TORRICELLA,S07011
TREVI,S07218
TUORO SUL TRASIMENO,S07000
MAGIONE,S07002
MONTE MELINO,S07014
FOSSATO DI VICO GUBBIO,S07209
GAIFANA,S07212
CAMPELLO,S07219
PERUGIA,S07004
PERUGIA PONTE S.GIOVANNI,S07005
BASCHI-MONTECCHIO,S08204
BASTIA,S07007
PC ORVIETO,S08225
NERA MONTORO,S07229
PM PANICALE SANFATUCCHIO,S06924
PASSIGNANO SUL TRASIMENO,S07001
PC ALLERONA,S08224
GIUNCANO,S07225
GUALDO TADINO,S07211
BAIANO DI SPOLETO,S07224
SCANZANO BELFIORE,S07216
TERNI,S07226
TERNI COSPEA,S07430
FOLIGNO,S07217
CASTIGLION DEL LAGO,S06923
ASSISI,S07008
ATTIGLIANO,S08207
CANNARA,S07009
CAPODACQUA PIEVE FANONICA,S07215
ALLERONA-CASTEL VISCARDO,S08202
ALVIANO,S08206
VALTOPINA,S07214
F00022,F00022
ANCONA,S07113
CHIUSI C.T.,S06925
SPELLO,S07010
S.LIBERATO,S07235
STRONCONE,S07400
MARMORE,S07401
CITTA` DELLA PIEVE,S08200
FABRO-FICULLE,S08201
CASTIGLIONE IN TEVERINA,S08205
BASSANO IN TEVERINA,S08208
TERONTOLA CORTONA,S06922
VITERBO PORTA FIORENTINA,S08304
PONTE PARRANO DI NOCERA UMBRA,S07233
SPOLETO,S07221
SULMONA,S08539
S.GIACOMO DI SPOLETO,S07220
NOCERA UMBRA,S07213
ELLERA CORCIANO,S07003
NARNI AMELIA,S07230
ORTE,S08209
ORVIETO,S08203
OSPEDALICCHIO,S07012
TORRICELLA,S07011
TREVI,S07218
TUORO SUL TRASIMENO,S07000
MAGIONE,S07002
MONTE MELINO,S07014
FOSSATO DI VICO GUBBIO,S07209
GAIFANA,S07212
CAMPELLO,S07219
PERUGIA,S07004
PERUGIA PONTE S.GIOVANNI,S07005
BASCHI-MONTECCHIO,S08204
BASTIA,S07007
PC ORVIETO,S08225
NERA MONTORO,S07229
PM PANICALE SANFATUCCHIO,S06924
PASSIGNANO SUL TRASIMENO,S07001
PC ALLERONA,S08224
GIUNCANO,S07225
GUALDO TADINO,S07211
BAIANO DI SPOLETO,S07224
SCANZANO BELFIORE,S07216
TERNI,S07226
TERNI COSPEA,S07430
FOLIGNO,S07217
CASTIGLION DEL LAGO,S06923
ASSISI,S07008
ATTIGLIANO,S08207
CANNARA,S07009
CAPODACQUA PIEVE FANONICA,S07215
ALLERONA-CASTEL VISCARDO,S08202
ALVIANO,S08206
VALTOPINA,S07214
F00025,F00025
CASACALENDA GUARDIALFIERA,S09465
S.MARIA OLIVETO,S09059
CAPRIATI AL VOLTURNO,S09061
ROCCA D`EVANDRO,S09200
VAIRANO,S09203
BOSCO REDOLE,S09452
GUARDIAREGIA,S09456
MATRICE MONTAGANO,S09461
S.MARTINO IN PENSILIS,S09468
CHIEUTI SERRACAPRIOLA,S11021
CASTEL DI SANGRO,S08910
VASTOGIRARDI,S08913
PESCOLANCIANO-CHIAUCI,S08915
ISERNIA,S09053
MONTERODUNI,S09057
ROCCA RAVINDOLA,S09058
VINCHIATURO,S09457
CAMPOBASSO,S09459
CANTALUPO DEL SANNIO,S09451
CAMPOLIETO MONACILIONI,S09462
SESSANO DEL MOLISE,S08917
VASTO S.SALVO,S07824
VENAFRO,S09060
BARANELLO,S09458
URURI ROTELLO,S09467
BENEVENTO,S09311
MONTENERO PETACCIATO,S07825
CAMPOMARINO,S11020
RIPABOTTONI S.ELIA,S09463
S. PIETRO AVELLANA-CAPRACOTTA,S08912
GUGLIONESI PORTOCANNONE,S09469
LARINO,S09466
SEPINO,S09501
TERMOLI,S11019
BOIANO,S09453
BONEFRO S.CROCE,S09464
CAROVILLI-ROCCASICURA,S08914
CARPINONE,S09050
SESTO CAMPANO,S09062
ALFONSINE,S05808
POSTO MOVIMENTO ALSENO,S05008
ANCONA,S07113
ARGENTA,S05804
BAGNACAVALLO,S05902
BOLOGNA BORGO PANIGALE,S05100
BOLOGNA S.RUFFILLO,S05130
BOLOGNA C.LE,S05043
BORGHETTO PARMENSE,S06100
BORGO VAL DI TARO,S06161
CAORSO,S01970
CARBONA,S05120
CARPI,S02349
CASALECCHIO DI RENO,S05101
CASALMAGGIORE,S01850
CASTEL S.GIOVANNI,S01948
CASTELBOLOGNESE,S05056
CASTELFRANCO D'EMILIA,S05037
CASTELGUELFO,S05012
CASTELMAGGIORE,S05724
CASTELVETRO,S01960
CASTIONE DEI MARCHESI,S01964
CATTOLICA S.GIOVANNI GABICCE,S07102
CERVIA-MILANO MARITTIMA,S05814
BRISIGHELLA,S06614
BRONI,S01944
BUSSETO,S01963
CESENA,S05066
CESENATICO,S05815
CITERNA TARO,S06154
CLASSE,S05812
CODOGNO,S01828
COLLECCHIO,S06151
COLORNO,S01852
CONSELICE,S05950
SASSO MARCONI,S05104
SAVIGNANO SUL RUBICONE,S05068
SELVA DEL BOCCHETTO,S06155
SILLA,S05109
SOLAROLO,S05900
SOLIERA MODENESE,S02351
SOLIGNANO,S06156
STRADA CASALE,S06617
PM TAVERNELLE EMILIA,S05322
FERRARA,S05712
FIDENZA,S05009
FIORENZUOLA,S05007
FORLI`,S05059
FORLIMPOPOLI,S05065
FORNOVO,S06153
PARMA,S05014
GLORIE,S05809
GODO,S05904
GONZAGA-REGGIOLO,S02344
GRANAROLO,S05955
GRIZZANA,S05133
P.M.GRONDOLA - GUINADI,S06162
IGEA MARINA,S05818
IMOLA,S05054
LAMA DI RENO,S05121
LAVEZZOLA,S05806
LAVINO,S05041
BELLARIA,S05817
COTIGNOLA,S05956
S.PIETRO IN CASALE,S05722
SALSOMAGGIORE T.,S05090
SAMOGGIA,S05039
SARMATO,S01949
MONTICELLI D`ONGINA,S01971
MONZUNO,S05132
CADEO,S05006
PRATO CENTRALE,S06416
RAVENNA,S05811
REGGIO EMILIA,S05023
RIMINI VISERBA,S05820
RICCIONE,S07101
RIMINI,S05071
RIOLA,S05108
ROLO NOVI FABBRICO,S02346
ROTTOFRENO,S01950
RUBIERA,S05031
RUSSI,S05903
S.AGATA SUL SANTERNO,S05954
S.ARCANGELO DI ROMAGNA,S05069
SAN BENEDETTO SAMBRO-CAST.PEPOLI,S05134
PIACENZA,S05000
PISTOIA,S06414
BERCETO,S06158
MIRANDOLA,S05311
POSTO MOV. MIRANDOLA OZZANO,S05051
MISANO ADRIATICO,S07119
MODENA,S05032
MOLINO DEL PALLONE,S05112
MONTESANTO,S05801
GALLIERA,S05721
OSTIA PARMENSE,S06160
OZZANO TARO,S06152
LIDO DI CLASSE-LIDO DI SAVIO,S05813
LUGO,S05951
MARRADI,S06610
MARZABOTTO,S05105
MASSALOMBARDA,S05952
MEDESANO,S06102
MEZZANI RONDANI,S01851
MEZZANO,S05810
CREMONA,S01915
CREVALCORE,S05316
FAENZA,S05058
BARBIANO,S05905
BIAGIONI LAGACCI,S05119
OCCHIOBELLO,S05710
PIANORO,S05131
PIOPPE DI SALVARO,S05106
VARIGNANA,S05052
VICOFERTILE,S06150
VILLA CADE`,S05022
VILLANOVA D`ARDA,S01962
VOLTANA,S05807
PONTE DELLA VENTURINA,S05123
PONTECCHIO MARCONI,S05103
PONTELAGOSCURO,S05711
PONTENURE,S05005
PORRETTA  TERME,S05110
PORTOMAGGIORE,S05802
GAIBANELLA,S05800
GAMBETTOLA,S05067
S.FELICE SP,S05313
S.GIORGIO P.,S05723
S. GIULIANO PIACENTINO,S01961
S.ILARIO,S05021
POGGIO RENATICO,S05720
POGGIO RUSCO,S05308
NOCETO,S06101
VERGATO,S05107
SAN GIOVANNI IN PERSICETO,S05319
S.BIAGIO,S05805
ROCCAMURATA,S06159
S.CASSIANO,S06615
OSTERIA NUOVA,S05302
VILLANOVA DI REGGIOLO,S02345
BOLOGNA INTERPORTO,S05099
CASTELDEBOLE,S05102
OZZANO DELL'EMILIA,S05055
CASALECCHIO GARIBALDI,S05111
FUNO CENTERGROSS,S05726
RASTIGNANO,S05138
PIAN DI VENOLA,S05114
CAMPOSANTO,S05314
CASTEL S.PIETRO TERME,S05053
BOLOGNA CORTICELLA,S05725
RIMINI MIRAMARE,S07100
BOLOGNA RAVONE,S05042
POSTO MOVIMENTO BOLOGNINA,S05315
F00046,F00046
F00018,F00018
F00019,F00019
BOLOGNA C.LE/AV,S05046
REGGIO EMILIA AV,S05254
S.LAZZARO DI SAVENA,S05049
BOLOGNA FIERE,S05020
BOLOGNA MAZZINI,S05140
RIMINI TORRE PEDRERA,S05819
S.MARTINO IN GATTARA,S06613
S.NICOLO',S01951
FELEGARA - S.ANDREA BAGNI,S06103
GATTEO A MARE,S05816
MUSIANO-PIAN DI MACINA,S05139
AVIO,S02050
BOLZANO SUD ,S02226
BORGHETTO,S02051
CASTELBELLO,S02208
CASTELDARNE ,S02105
BRESSANONE,S02014
BRONZOLO ,S02030
BRUNICO ,S02107
CHIUSA ,S02017
CIARDES,S02209
COLDRANO-MARTELLO,S02206
COLLE ISARCO ,S02005
SERRAVALLE,S02048
SETTEQUERCE,S02224
SILANDRO,S02205
SPONDIGNA-PRATO VENOSTA,S02202
TERLANO-ANDRIANO,S02223
GRIGNO,S02317
LACES,S02207
LAIVES ,S02029
LASA,S02204
LAVIS,S02037
MORI,S02046
NATURNO,S02211
CALDONAZZO,S02308
CAMPO DI TRENS ,S02007
RONCEGNO BAGNI-MARTER,S02312
S.CRISTOFORO AL LAGO-ISCHIA,S02306
MONGUELFO VALLE DI CASIES,S02111
ORA,S02031
ORIS,S02203
VALDAORA - ANTERSELVA,S02110
LEVICO,S02309
MAGRE`- CORTACCIA,S02033
MALLES VENOSTA,S02200
MERANO MAIA BASSA,S02217
MEZZOCORONA,S02035
DOBBIACO ,S02113
EGNA-TERMENO ,S02032
PERGINE,S02305
VILLABASSA - BRAIES,S02112
VILLAZZANO,S02300
VILPIANO-NALLES,S02222
PONTE D`ADIGE,S02225
PONTE GARDENA,S02020
SLUDERNO-GLORENZA,S02201
STRIGNO,S02315
ALA,S02049
TEZZE DI GRIGNO,S02318
PLAUS,S02212
MARLENGO,S02214
BORGO VALSUGANA EST,S02314
CALCERANICA,S02307
VANDOIES,S02103
TRENTO S.CHIARA,S02003
RIO DI PUSTERIA,S02102
SALORNO,S02034
LANA-POSTAL ,S02219
VIPITENO,S02006
P.M.VAT,S03032
TARVISIO BOSCOVERDE,S03015
BIVIO CARGNACCO,S03036
MONTEREALE VALCELLINA,S03085
S.STEFANO UDINESE,S03124
S.GIOVANNI DI CASARSA,S03199
MEDUNO,S03082
CONFINE ITALO/SLOVENO,S03318
F00016,F00016
SAN GIORGIO DI NOGARO,S03205
STRASSOLDO,S03150
ARTEGNA,S03021
AURISINA,S03550
AVIANO,S03087
BIVIO D`AURISINA,S03313
BIVIO SAN POLO,S03039
CAPRIVA,S03301
CARNIA,S03016
CASARSA,S02830
CERVIGNANO A.G.,S03207
BUDOIA POLCENIGO,S03088
CODROIPO,S02831
SEVEGLIANO,S03151
SISTIANA,S03312
TARCENTO,S03022
FONTANAFREDDA,S02702
FORGARIA BAGNI ANDUINS,S03054
CORDOVADO SESTO,S02661
CORNINO,S03053
GEMONA DEL FRIULI,S03019
GORIZIA CENTRALE,S03304
GRIGNANO,S03315
LATISANA LIGNANO B.,S03202
BASILIANO,S02832
S.VITO AL TAGLIAMENTO,S02660
SACILE,S02703
SACILE SAN LIBERALE,S03089
SAGRADO,S03307
MOSSA,S03302
MUZZANA DEL TURGNANO,S03204
BUTTRIO,S03029
REDIPUGLIA,S03308
RISANO,S03120
RONCHI DEI LEGIONARI NORD,S03309
RONCHI DEI LEGIONARI SUD,S03212
PINZANO,S03055
MONFALCONE,S03310
OSOPPO,S03050
PALAZZOLO DELLO STELLA,S03203
PALMANOVA,S03122
TORVISCOSA,S03206
TRAVESIO,S03081
TRIESTE CENTRALE,S03317
TRIESTE CAMPO MARZIO,S03471
TRIESTE AQUILINIA,S03856
UDINE,S03026
UDINE PARCO,S03028
UGOVIZZA VALBRUNA,S03006
LUMIGNACCO,S03125
MAJANO,S03051
CUSANO,S02700
FANNA - CAVASSO,S03083
BAGNARIA ARSA,S03123
CORMONS,S03300
VENEZIA SANTA LUCIA,S02593
VENZONE,S03018
VILLA OPICINA,S03466
VILLA VICENTINA,S03209
PONTEBBA,S03010
PORDENONE,S02701
PORTOGRUARO CAORLE,S03200
MANIAGO,S03084
MANZANO,S03030
S.GIOVANNI AL NATISONE,S03031
S.MARIA LA LONGA,S03121
F00021,F00021
F00041,F00041
F00040,F00040
FABRIANO CA` MAIANO,S07059
MARINO DEL TRONTO FOLIGNANO,S07556
ALBACINA,S07207
ANCONA,S07113
ANCONA MARITTIMA,S07116
ASCOLI PICENO,S07550
CASTELRAIMONDO CAMERINO,S07302
CATTOLICA S.GIOVANNI GABICCE,S07102
SASSOFERRATO ARCEVIA,S07063
SERRA S.QUIRICO,S07205
SPINETOLI COLLI,S07552
PANTIERE DI CASTELBELLINO,S07234
PEDASO,S07510
PERGOLA,S07060
MORROVALLE MONTE S.GIUSTO,S07309
S.CLAUDIO,S07312
PESARO,S07104
PESCARA,S07810
MONTEMARCIANO,S07110
MONTEPRANDONE,S07554
MONTEROSSO MARCHE,S07062
FOSSATO DI VICO GUBBIO,S07209
OFFIDA CASTEL DI LAMA,S07551
OSIMO CASTELFIDARDO,S07502
PALOMBINA,S07112
LORETO,S07503
MACERATA,S07307
MALTIGNANO DEL TRONTO,S07555
MAROTTA MONDOLFO,S07107
MARZOCCA,S07109
MATELICA,S07301
CUPRAMARITTIMA,S07511
FABRIANO,S07208
FANO,S07105
POTENZA PICENA MONTELUPONE,S07505
VARANO,S07500
POLLENZA,S07305
PORTO D`ASCOLI,S07514
PORTO RECANATI,S07504
PORTO S. GIORGIO FERMO,S07508
GROTTAMMARE,S07512
JESI,S07202
URBISAGLIA SFORZACOSTA,S07306
FALCONARA STADIO,S07117
CERRETO D`ESI,S07300
ANCONA TORRETTE,S07015
MACERATA FONTESCODELLA,S07313
CASTELFERRETTI,S07200
BELLISIO SOLFARE,S07061
MELANO MARISCHIO,S07065
SENIGALLIA,S07108
FALCONARA MARITTIMA,S07111
CHIARAVALLE,S07201
MONTECAROTTO CASTELBELLINO,S07203
CASTELPLANIO CUPRAMONTANA,S07204
GENGA S.VITTORE TERME,S07206
S.SEVERINO MARCHE,S07303
TOLENTINO,S07304
CORRIDONIA MOGLIANO,S07308
MONTECOSARO,S07310
GAGLIOLE,S07311
CIVITANOVA MARCHE,S07506
PORTO S. ELPIDIO,S07507
S.BENEDETTO DEL TRONTO,S07513
MONSAMPOLO DEL TRONTO,S07553
S.FILIPPO,S07557
LE PIAGGE,S06516
CAMBIANO,S06804
CASTELLINA MARITTIMA,S06024
CASTELVECCHIO PASCOLI,S06302
CASTIGLIONCELLO,S06729
CERTALDO,S06803
FIRENZE STATUTO,S06430
CASTIGLION FIORENTINO,S06920
CHIUSI C.T.,S06925
CHIARONE,S08007
MONTALTO DI CASTRO,S08008
ROMA TERMINI,S08409
ASCIANO MONTE OLIVETO MAGGIORE,S06825
F00017,F00017
BINARIO S.MARCO VECCHIO,S06950
RIPAFRATTA,S06402
S.MINIATO FUCECCHIO,S06509
S. PIETRO A VICO,S06313
S.ROMANO MONTOPOLI S.CROCE,S06508
S. STEFANO DI MAGRA,S06170
SERRAVALLE PISTOIESE,S06413
RIGNANO SULL`ARNO REGGELLO,S06906
FIRENZE S.M.N.,S06421
FORTE DEI MARMI SERRAVEZZA Q.,S06011
IL CIONFO BIN. LE CURE,S06957
PONTASSIEVE,S06904
PONTE A ELSA,S06807
PONTE A MORIANO,S06312
PONTE A TRESSA,S06869
PONTE GINORI,S06752
PONTICINO,S06913
PONTREMOLI,S06163
POPOLANO,S06612
PORCARI,S06406
PORRETTA  TERME,S05110
GIUNCARICO,S06037
INCISA,S06907
INDICATORE,S06914
S.DONNINO BADIA,S06514
S.ELLERO,S06905
S.FREDIANO A SETTIMO,S06504
S.GIOVANNI VALDARNO,S06909
SANTA LUCE,S06023
POGGIBONSI,S06805
POGGIO - CAREGGINE - VAGLI,S06323
EQUI TERME,S06226
TERONTOLA CORTONA,S06922
TERRAROSSA - TRESANA,S06167
TOMBOLO,S06720
IL CIONFO BIN. SALVIATI,S06951
PIAN DEL MUGNONE,S06952
FIESOLE CALDINE,S06953
MIMMOLE,S06954
MONTORSOLI,S06601
CERCINA,S06956
FONTEBUONA,S06619
VAGLIA,S06602
CAMPOMIGLIAIO,S06659
SCOPETI,S06705
ALBINIA,S08003
ARBIA,S06811
SAN MOMME`,S05118
VERNIO MONTEPIANO CANTAGALLO,S05135
CASTAGNETO CARDUCCI,S06029
GHIVIZZANO - COREGLIA,S06306
MASSAROSA BOZZANO,S06350
S.GIULIANO TERME,S06400
TASSIGNANO,S06405
BORGO A BUGGIANO,S06410
MONTECATINI TERME,S06411
FIRENZE RIFREDI,S06420
PRATO PORTA AL SERRAGLIO,S06422
PONTEDERA CASCIANA TERME,S06506
MONTELUPO CAPRAIA,S06511
LIVORNO CENTRALE,S06725
POPULONIA,S06773
FIORENTINA DI PIOMBINO,S06774
CASTELFIORENTINO,S06802
CASTELNUOVO BERARDENGA,S06812
S.GIOVANNI D`ASSO,S06816
ROCCASTRADA,S06823
TORRITA DI SIENA,S06854
SERRE DI RAPOLANO,S06857
SIENA ZONA INDUSTRIALE,S06867
MONTERONI D`ARBIA,S06871
BUONCONVENTO,S06874
FI ROVEZZANO,S06901
AULLA LUNIGIANA,S06013
VOLTERRA SALINE - POMARANCE,S06753
CAMPIGLIA MARITTIMA,S06031
CAMPORGIANO,S06324
PIOMBINO BINARI PORTO VECCHIO,S06772
PRACCHIA,S05113
PRATIGNONE,S06423
PRATO CENTRALE,S06416
QUERCIANELLA,S06728
RAPOLANO TERME,S06850
RIGOLI,S06401
RIGOMAGNO,S06851
RIPARBELLA,S06750
RONTA,S06606
ROSIGNANO,S06730
RUFINA,S06703
SAN BENEDETTO SAMBRO-CAST.PEPOLI,S05134
PERUGIA,S07004
PIAZZA AL SERCHIO,S06325
PIETRASANTA,S06012
PIOMBINO,S06770
PIOMBINO BINARI MARE,S06775
PISA BINARI AEROPORTO,S06450
PISA CENTRALE,S06500
PISA SAN ROSSORE,S06501
PISTOIA,S06414
MONTALE AGLIANA,S06415
MONTALLESE,S06856
MONTE ANTICO,S06820
MONTECARLO SAN SALVATORE,S06408
MONTECATINI CENTRO,S06412
MONTEPESCALI,S06038
MONTEPULCIANO,S06855
FOSCIANDORA - CESERANA,S06301
NOZZANO,S06351
ORBETELLO,S08004
ORCIANO,S06022
PALLERONE,S06220
TORRE DEL LAGO PUCCINI,S06015
TORRENIERI,S06817
VADA,S06025
VAIANO,S05136
VALDIBRANA,S05117
CONTEA LONDA,S06702
LUCCA,S06404
MARRADI,S06610
MASSA CENTRO,S06009
MINUCCIANO - PIEVE - CASOLA,S06227
PRATO BORGONUOVO,S06426
DICOMANO,S06701
DIECIMO - PESCAGLIA,S06310
EMPOLI,S06510
FAENZA,S05058
BARGA GALLICANO,S06303
NAVACCHIO,S06502
PESCIA,S06409
PITECCIO,S05116
VIAREGGIO,S06040
VICARELLO,S06017
VICCHIO,S06700
VIGNALE RIOTORTO,S06032
VILLAFRANCA - BAGNONE,S06166
VILLETTA S. ROMANO,S06322
ZAMBRA,S06425
S.PIERO A SIEVE,S06603
FAUGLIA - LORENZANA,S06021
ALBERESE,S08001
ALTOPASCIO,S06407
ANTIGNANO,S06727
AREZZO,S06915
ASCIANO,S06813
AULLA,S06168
BIVIO MORTELLINI,S06056
P.M. BADESSE,S06826
BIFORCO,S06611
BOLGHERI,S06028
BORGO A MOZZANO,S06309
BORGO S. LORENZO,S06604
BORGO S.L.RIMORELLI,S06704
CAMUCIA CORTONA,S06921
CAPALBIO,S08006
CARRARA AVENZA,S06005
CASCINA,S06505
CASINO DI TERRA,S06751
CASTAGNO,S05122
CASTELLINA CH,S06808
CASTELNUOVO DI GARFAGNANA,S06300
CASTIGLION DEL LAGO,S06923
CECINA,S06026
BUCINE,S06911
CIVITELLA PAGANICO,S06822
COLLE VAL D`ELSA,S06840
COLLESALVETTI,S06018
COMPIOBBI,S06902
SARZANA,S06007
SCARLINO,S06035
SCORCETOLI,S06164
SESTO FIORENTINO,S06418
SIECI,S06903
SIENA,S06809
SIGNA,S06513
SINALUNGA,S06852
STICCIANO,S06824
TALAMONE,S08002
FIRENZE CAMPO MARTE,S06900
FIRENZE CASCINE,S06515
FIRENZE CASTELLO,S06419
FIGLINE VALDARNO,S06908
FILATTIERA,S06165
FIVIZZANO - GASSANO,S06223
FIVIZZANO ROMETTA - SOLIERA,S06222
FOLLONICA,S06033
FORNACI DI BARGA,S06304
PANICAGLIA,S06605
PARMA,S05014
CORBEZZI,S05115
GAVORRANO,S06036
GRAGNOLA,S06224
GRANAIOLO,S06801
GROSSETO,S06039
IL NETO,S06424
LATERINA,S06912
BAGNI DI LUCCA,S06308
S. VINCENZO,S06030
MONTEVARCHI TERRANUOVA,S06910
DOPPIO BIVIO MONTUOLO,S06403
MONZONE-M.DEI BANCHI-ISOLANO,S06225
MURLO,S06876
CALENZANO,S06417
CAMAIORE LIDO CAPEZZANO,S06043
MASCALI,S12323
GUARDIA MANGANO SANTA VENERINA,S12327
CATANIA CENTRALE,S12332
CATANIA ACQUICELLA,S12337
AGNONE DI S.,S12342
BRUCOLI,S12344
MOTTA CAMASTRA,S12360
CALTANISSETTA XIRBI,S12380
DIRILLO,S12408
VITTORIA,S12410
DONNAFUGATA,S12412
MODICA,S12417
S.TERESA LONGARINI,S12428
GELA-ANIC,S12430
CARINI TORRE CIACHEA,S12799
CATENANUOVA,S12244
ORSA,S12121
CEFALU`,S12019
F00051,F00051
F00052,F00052
F00036,F00036
F00037,F00037
F00038,F00038
F00039,F00039
MILI MARINA,S12003
PONTE S.STEFANO,S12005
VILLABATE,S12006
PRIOLO SOPRANO,S12393
RAGUSA IBLA,S12416
SERRADIFALCO,S12383
POZZALLO,S12420
SCIARA A.,S12201
SIRACUSA,S12349
SPARAGOGNA,S12243
LICATA,S12400
CASTELLUCCIO SICULO,S12354
SAN MARTINO PIANA,S12252
TOMMASO NATALE,S12131
PIRAINETO,S12125
GOLE DI ALCANTARA,S12366
PUNTA RAISI,S12133
LEONFORTE-PIRATO,S12239
S.FLAVIA,S12009
ACQUEDOLCI-S.FRATELLO,S12026
SAN GIORGIO,S12034
OLIVERI TINDARI,S12037
PALERMO BRANCACCIO,S12055
S.NICOLA DI MAZARA,S12111
CASTELVETRANO,S12113
GALLITELLO,S12115
CINISI TERRASINI,S12126
CARDILLO ZEN,S12140
ROCCAPALUMBA-ALIA,S12204
MIMIANI-S.CATALDO,S12235
MOTTA SANTA ANASTASIA,S12250
MILITELLO,S12276
TARGIA,S12353
GRANITI,S12359
MOJO-ALCANTARA MALVAGNA,S12363
RACALMUTO,S12373
FAVAROTTA,S12386
RAGUSA,S12414
S.PAOLO,S12423
CAMPOBELLO RAVANUSA,S12385
PALERMO SAMPOLO,S12004
FEDERICO,S12136
PALERMO MARITTIMA,S12000
CALTANISSETTA CENTRALE,S12381
CASTRONOVO DI SICILIA,S12206
ALTAVILLA M.,S12011
FIUMETORTO,S12015
POLLINA,S12021
SANTO STEFANO DI CAMASTRA,S12024
S.AGATA M.,S12027
BROLO FICARRA,S12031
NOVARA MONTALBANO FURNARI,S12039
BARCELLONA,S12041
MILAZZO,S12042
VILLAFRANCA TIRRENA,S12050
MOZIA-BIRGI,S12105
TERRENOVE,S12108
MAZARA DEL VALLO,S12110
SALEMI GIBELLINA,S12114
CASTELLAMMARE DEL GOLFO,S12120
PALAZZO REALE-ORLEANS,S12130
SEGESTA TEMPIO,S12152
FULGATORE,S12155
CAMPOFRANCO,S12211
COMITINI,S12212
AGRIGENTO BASSA,S12213
VALLEDOLMO,S12231
DITTAINO,S12240
GRAMMICHELE,S12272
MINEO,S12275
PALAGONIA,S12279
MESSINA CENTRALE,S12301
GIAMPILIERI,S12308
SCALETTA ZANCLEA,S12309
ROCCALUMERA MANDANICI,S12312
SANTA TERESA DI RIVA,S12314
CAMPOBELLO DI MAZARA,S12112
CAMPOFELICE,S12017
PRIOLO MELILLI,S12347
RADDUSA AGIRA,S12241
RANDAZZO,S12365
ROMETTA MESSINESE,S12049
ROSOLINI,S12422
S.ALESSIO SICULO FORZA D`AGRO`,S12315
S.CATALDO,S12382
PETROSINO STRASATTI,S12109
BICOCCA,S12338
MONTEMAGGIORE,S12203
FRANCAVILLA,S12361
FRANCIA,S12139
FURCI,S12313
GAGGI,S12358
GALATI,S12305
NISCEMI,S12392
NIZZA DI SICILIA,S12311
NOTO,S12424
PALERMO NOTARBARTOLO,S12134
PACE DEL MELA,S12045
PACECO,S12103
PACHINO,S12445
PALERMO CENTRALE,S12002
TORRE DEL LAURO,S12053
TRABIA,S12013
TRAPANI,S12100
TRAPPETO,S12123
TREMESTIERI,S12303
TUSA,S12022
VALLELUNGA,S12232
CONTESSE,S12355
LETOJANNI,S12316
LIBERTINIA,S12242
MARAUSA,S12104
MARCATOBIANCO,S12230
MARIANOPOLI,S12234
MARSALA,S12107
MARZAMEMI,S12444
MEGARA G.,S12346
MESSINA MARITTIMA,S12300
MILO,S12157
DELIA,S12384
ENNA,S12238
FALCONARA,S12405
FALCONE,S12038
PIANA DEL SIGNORE,S12394
VENETICO,S12047
VESPRI,S12135
VILLALBA,S12233
VILLAROSA,S12237
VITUSO,S12391
VIZZINI,S12273
ZAPPULLA,S12029
PORTIERE STELLA,S12248
PORTO EMPEDOCLE,S12214
SPADAFORA,S12048
TAORMINA,S12317
GERBINI,S12247
ISOLA DELLE FEMMINE,S12129
S.FILIPPO-S.LUCIA,S12044
S.LORENZO COLLI,S12132
SAN MARCO D`ALUNZIO T.,S12028
ACATE,S12409
ACIREALE,S12328
ACQUAVIVA,S12209
AGRIGENTO CENTRALE,S12216
ALCAMO,S12116
ALCAMO DIRAMAZIONE,S12150
ALCANTARA,S12320
ALI` TERME,S12310
ARAGONA CALDARE,S12370
AUGUSTA,S12345
AVOLA,S12426
BAGHERIA,S12008
CANICATTI`,S12375
CANNIZZARO,S12330
CAPACI,S12128
CAPO D`ORLANDO-NASO,S12030
CARINI,S12127
CARONIA,S12025
CARRUBA,S12326
CASSIBILE,S12427
CASTELBUONO,S12020
CASTELDACCIA,S12010
CASTIGLIONE DI SICILIA,S12362
CASTROFILIPPO,S12374
CATANIA OGNINA,S12331
CERDA,S12200
BRUCA,S12153
BUONFORNELLO,S12016
BUTERA,S12406
COMISO,S12411
COMITINI ZOLFARE,S12371
SCICLI,S12418
SCORDIA,S12278
SFERRO,S12246
SIRACUSA M.,S12351
SPAGNUOLA,S12106
TERME VIGLIATORE,S12040
TERMINI IMERESE,S12014
FIERA,S12137
FILDIDONNA,S12277
FIUMEFREDDO DI SICILIA,S12322
PARTINICO,S12124
PASSOMARTINO,S12339
PATTI-SAN PIERO PATTI,S12036
GELA,S12407
GENISI,S12413
GIACHERY,S12138
GIARRE RIPOSTO,S12324
GIOJOSA MAREA,S12033
GROTTE,S12372
IMERA,S12236
ISPICA,S12421
LASCARI,S12018
LENTINI,S12341
LENTINI DIRAMAZIONE,S12340
LERCARA BASSA,S12205
BALESTRATE,S12122
S.NICOLA T.,S12012
S.OLIVA,S12387
SAMPIERI,S12419
CALATABIANO,S12321
CALATAFIMI,S12151
CALTAGIRONE,S12270
CAMMARATA S.GIOVANNI GEMINI,S12207
POLICORO TURSI,S11802
SAPRI,S11721
ALBANO DI LUCANIA,S11453
ACQUAFREDDA,S11722
CROTONE,S11823
MARATEA,S11723
MARCONIA,S11800
METAPONTO,S11461
SPINAZZOLA,S11304
TARANTO,S11465
FILIANO,S11211
FORENZA,S11210
BELLA MURO,S09831
SALANDRA,S11457
MONTICCHIO,S09622
CALCIANO,S11455
CAMPOMAGGIORE,S11454
POTENZA SUPERIORE,S11217
RIONERO ATELLA RIPACANDITA,S11209
PICERNO,S09833
PIETRAGALLA,S11213
PISTICCI,S11459
TRIVIGNO,S11452
BERNALDA,S11460
BALVANO R.,S09830
TIERA,S11216
MARINA DI MARATEA,S11724
MONTEVERDE,S09624
BARILE,S11208
POTENZA INFERIORE,S11420
BARAGIANO,S09832
SCANZANO J. MONTALBANO J.,S11801
NOVA SIRI ROTONDELLA,S11803
PRAJA AJETA TORTORA,S11725
RAPONE RUVO S.FELE,S09621
PISCIOLO,S09625
TITO,S09834
LAGONEGRO,S09911
ROCCHETTA S.ANT.LAC.,S11205
MELFI,S11206
CASTEL LAGOPESOLE,S11212
AVIGLIANO LUCANIA,S11214
LEONESSA,S11219
POSSIDENTE,S11220
S. NICOLA DI MELFI,S11300
VENOSA - MASCHITO,S11302
PALAZZO S.GERVASIO - MONTEMIL.,S11303
VAGLIO BASILICATA,S11450
BRINDISI DI MONTAGNA,S11451
GRASSANO,S11456
FERRANDINA,S11458
F00027,F00027
F00028,F00028
CALITRI PESCOPAGANO,S09620
ROMAGNANO V.,S09829
S.TOMMASO DEL PIANO,S09630
GRAVINA IN PUGLIA,S11306
PALAGIANO MOTTOLA,S11509
MONTEIASI,S11601
MARGHERITA DI SAV./OFANTINO,S11107
MINERVINO MURGE,S11403
BRINDISI MARITTIMA,S11137
CANDIDA,S11105
CASTELLANETA MARINA,S11463
TROIA CASTELLUCCIO SAURI,S09322
CHIEUTI SERRACAPRIOLA,S11021
AMENDOLA,S11051
FRATTAROLO,S11053
MANFREDONIA,S11054
TRINITAPOLI S.FERDIN. DI P.,S11106
BARI CENTRALE,S11119
FASANO,S11130
CAROVIGNO,S11133
S.VITO DEI NORMANNI,S11135
SQUINZANO,S11142
ORDONA,S11202
ROCCHETTA S.ANT.LAC.,S11205
CANNE DELLA BATTAGLIA,S11406
ACQUAVIVA DELLE FONTI,S11504
FRANCAVILLA FONTANA,S11603
BARI S. SPIRITO,S11116
F00050,F00050
F00029,F00029
RIGNANO GARGANICO,S11028
GROTTAGLIE,S11602
ALTAMURA,S11307
APICE S.ARCANGELO BONITO,S09314
APRICENA,S11024
ASCOLI SATRIANO,S11203
BARI PALESE MACCHIE,S11118
BARI S.ANDREA,S11513
BARI S.GIORGIO,S11150
BISCEGLIE,S11113
BITETTO PALO DEL COLLE,S11501
BOVINO DELICETO,S09321
CANDELA,S11204
CANOSA DI PUGLIA,S11402
CASAL SABINI,S11309
CERIGNOLA,S11103
CERVARO,S11200
METAPONTO,S11461
BRINDISI,S11136
CISTERNINO,S11131
SIPONTO,S11056
SPINAZZOLA,S11304
TARANTO,S11465
TERMOLI,S11019
GIOIA DEL COLLE,S11505
INCORONATA,S11101
LATIANO,S11606
LECCE,S11145
BARLETTA,S11108
BELLAVISTA,S11512
S. PIETRO VERNOTICO,S11141
SAN SEVERO,S11025
SANNICANDRO DI BARI,S11503
SANTUARIO INCORONATA,S11201
SANTERAMO,S11310
POSTO MOVIMENTO RIPALTA,S11022
MODUGNO CITTA`,S11515
MOLFETTA,S11114
MONOPOLI,S11129
ORIA,S11605
ORSARA DI PUGLIA,S09320
ORTANOVA,S11102
OSTUNI,S11132
PALAGIANELLO,S11508
PALAGIANO CHIATONA,S11464
TRANI,S11112
TREPUZZI,S11143
TUTURANO,S11140
MASSAFRA,S11510
MESAGNE,S11607
COZZE,S11151
EGNAZIA,S11154
BARI PARCO NORD,S11148
BARI TORRE A MARE,S11126
VILLA CASTELLI,S11608
POLIGNANO A MARE,S11128
PONTE ALBANITO,S09325
GINOSA,S11462
GIOVINAZZO,S11115
GRUMO APPULA,S11502
POGGIO IMPERIALE,S11023
POGGIORSINI,S11305
BARI PARCO SUD,S11125
MOLA DI BARI,S11127
NASISI,S11600
FOGGIA,S11100
PRAJA AJETA TORTORA,S11725
REGGIO DI CALABRIA CATONA,S11776
RIACE,S11845
ROCCA IMPERIALE,S11804
SALINE DI REGGIO,S11864
SCILLA,S11772
SIMERI CRICHI,S11832
TARSIA,S11903
REGGIO CALABRIA LIDO,S11780
F00030,F00030
F00031,F00031
F00032,F00032
F00033,F00033
F00034,F00034
F00035,F00035
R.C.AEROPORTO,S11866
FIUMEFREDDO BRUZIO,S11741
FRANCAVILLA ANGITOLA F.,S11752
FUSCALDO,S11738
GABELLA GRANDE,S11871
GIZZERIA LIDO,S11748
GRISOLIA S.MARIA,S11729
GUARDAVALLE,S11843
GUARDIA PIEMONTESE TERME,S11737
LAMEZIA TERME NICASTRO,S11951
LAMEZIA TERME SAMBIASE,S11950
LOCRI,S11851
LONGOBARDI,S11742
MARCELLINA VERBICARO ORSOMARSO,S11728
MARCELLINARA,S11953
MARINA DI SAN LORENZO,S11862
METAPONTO,S11461
MIRTO CROSIA,S11814
MONASTERACE STILO,S11844
MONGRASSANO CERVICATI,S11905
MONTEPAONE - MONTAURO,S11836
MOTTA SAN GIOVANNI LAZZARO,S11865
NICOTERA,S11764
NOCERA TIRINESE,S11746
PALIZZI,S11859
PALMI,S11769
PAOLA,S11739
PIETRAPAOLA,S11816
SCALEA S.DOMENICA TALAO,S11727
LAMEZIA TERME CENTRALE,S11749
CUTRO,S11826
GIOIA TAURO,S11766
S.LUCIDO MARINA,S11740
SIBARI,S11811
S.ANDREA DELL`JONIO,S11840
MONTALTO ROSE,S11908
CATANZARO,S11956
VILLA S.GIOVANNI MARE,S11775
JOPPOLO,S11763
BAGNARA,S11770
VILLA S.G.CANNITELLO,S11773
REGGIO DI CALABRIA GALLICO,S11777
SANTA DOMENICA,S11786
MILETO,S11790
MONTE GIORDANO,S11805
VILLAPIANA TORRE CERCHIARA,S11810
CORIGLIANO CALABRO,S11812
MANDATORICCIO CAMPANA,S11817
ISOLA CAPO RIZZUTO,S11825
CATANZARO LIDO,S11833
SOVERATO,S11837
S.CATERINA DELL`JONIO,S11842
GIOIOSA JONICA,S11848
BRANCALEONE,S11857
BOVA MARINA,S11860
MELITO DI PORTO SALVO,S11863
REGGIO DI CALABRIA S.GREGORIO,S11868
SPEZZANO ALBANESE TERME,S11901
S.MARCO ROGGIANO,S11904
CASTIGLIONE COSENTINO,S11909
FEROLETO ANTICA PIANOPOLI,S11952
BIVIO PANTANI,S11751
VILLA SAN GIOVANNI,S11774
PARGHELIA,S11759
PIZZO,S11753
REGGIO CALABRIA CENTRALE,S11781
REGGIO CALABRIA MARITTIMA,S11782
REGGIO DI CALABRIA PELLARO,S11867
RICADI,S11761
ROCCABERNARDA,S11828
ROCCELLA JONICA,S11847
ROSARNO,S11765
ROSETO CAPO SPULICO,S11806
ROSSANO,S11813
S.NICOLA ARCELLA,S11726
S.PIETRO A MAIDA,S11750
SAN LEONARDO DI CUTRO,S11827
SANGINETO,S11733
SANTA MARIA DI CATANZARO,S11957
SAPRI,S11721
SELLIA MARINA,S11831
SETTINGIANO,S11954
SIDERNO,S11850
SQUILLACE,S11835
STRONGOLI,S11822
THURIO,S11869
TORANO LATTARICO,S11906
TORRE MELISSA,S11821
TREBISACCE,S11808
TROPEA,S11760
VIBO MARINA,S11754
VIBO VALENZIA PIZZO,S11789
VILLA S. GIOVANNI BOLANO,S11778
VILLAPIANA LIDO,S11809
ZAMBRONE,S11758
ACQUAPPESA,S11736
ACRI BISIGNANO LUZZI,S11907
AFRICO NUOVO,S11872
AMANTEA,S11744
AMENDOLARA ORIOLO,S11807
ARDORE,S11853
BADOLATO,S11841
BELMONTE CALABRO,S11743
BELVEDERE MARITTIMO,S11732
BIANCO,S11855
BIVIO SETTIMO,S11755
BOTRICELLO,S11829
BOVALINO,S11854
BRIATICO,S11757
CALOPEZZATI,S11815
CAMPORA S.GIOV. SERRA AIELLO,S11745
CAPO BONIFATI,S11734
CAPO SPARTIVENTO,S11858
CARIATI,S11818
CASSANO ALL`IONIO,S11900
CAULONIA,S11846
CETRARO,S11735
CIRELLA MAJERA`,S11730
CIRO',S11820
CONDOFURI,S11861
COSENZA,S11910
CROPANI,S11830
CROTONE,S11823
CRUCOLI,S11819
DIAMANTE BUONVICINO,S11731
ECCELLENTE,S11788
FALERNA,S11747
FAVAZZINA,S11771
FERRUZZANO,S11856
PETTORANO SUL GIZIO,S08901
FOSSACESIA,S07819
CIVITA D`ANTINO-MORINO,S08853
S.VINCENZO V.R.,S08855
SULMONA-INTRODACQUA,S08900
RIVISONDOLI-PESCOCOSTANZO,S08905
CASTEL DI SANGRO,S08910
ISERNIA,S09053
SCERNE DI PINETO,S07805
BUGNARA,S08538
BUSSI,S07704
CAMPO DI GIOVE,S08903
PRATOLA PELIGNA SUPERIORE,S07601
BARI CENTRALE,S11119
VIGLIANO D`ABRUZZO,S07412
TIONE DEGLI ABRUZZI,S07426
POPOLI VITTORITO,S07703
TORTORETO LIDO,S07801
PINETO ATRI,S07806
TERAMO,S07900
CASTELLALTO CANZANO,S07901
ROMA TERMINI,S08409
SANTE MARIE,S08521
CARRITO-ORTONA,S08533
F00024,F00024
CAMPO DI GIOVE-MONTE MAIELLA,S08919
COCULLO,S08534
ALANNO,S07708
ALBA ADRIATICA NERETO CONTR.,S07800
ALFEDENA-SCONTRONE,S08908
ANVERSA-VILLALAGO-SCANNO,S08537
AVEZZANO,S08526
CAPISTRELLO,S08850
CAPPELLE-MAGLIANO,S08525
CARSOLI,S08519
CASALBORDINO POLLUTRI,S07821
CELANO-OVINDOLI,S08528
CERCHIO,S08530
CHIETI,S07712
CIVITELLA ROVETO,S08852
COLLI DI MONTE BOVE,S08520
SASSA TORNIMPARTE,S07413
SCAFA S.VALENTINO CARAMANICO T,S07707
SCURCOLA MARSICANA,S08524
SELLA DI CORNO,S07411
FONTECCHIO,S07421
GIULIANOVA,S07802
L`AQUILA,S07414
S.VITO LANCIANO,S07817
MONTESILVANO,S07808
MOSCIANO S. ANGELO,S07904
PRATOLA PELIGNA,S07700
PREZZA,S08536
RAIANO,S07600
ROCCA DI CORNO,S07410
ROCCARASO,S08906
ROSETO DEGLI ABRUZZI,S07804
PESCARA,S07810
PESCARA PORTA NUOVA,S07811
PESCINA,S08532
PESCOCANALE,S08811
PIANO D`ORTA BOLOGNANO,S07714
MOLINA CASTEL VECCHIO SUBAQUEO,S07424
FRANCAVILLA AL MARE,S07813
NOTARESCO,S07903
ORICOLA-PERETO,S08518
ORTONA,S07815
PAGANICA,S07416
PALENA,S08904
TORRE DEI PASSERI,S07706
MANOPPELLO,S07710
PESCARA S. MARCO,S07017
FOSSACESIA - TORINO DI SANGRO,S07018
CUPONE,S08810
FAGNANO CAMPANA,S07420
BALSORANO,S08856
BEFFI,S07422
BELLANTE RIPATTONE,S07902
VASTO S.SALVO,S07824
VILLA SAN SEBASTIANO,S08523
PORTO D`ASCOLI,S07514
PORTO DI VASTO,S07822
SILVI,S07807
SULMONA,S08539
TAGLIACOZZO,S08522
GORIANO SICOLI,S08535
ACCIANO,S07423
S.DEMETRIO DE` VESTINI,S07418
TOCCO CASTIGLIONE,S07705
TOLLO CANOSA SANNITA,S07814
TORINO DI SANGRO PAGLIETA,S07820
ASSEMINI,S12889
BONORVA,S12867
BORORE,S12872
CANIGA,S12812
CHIRIALZA,S12899
CIXERRI,S12970
SCALA DI GIOCCA,S12814
SILIQUA,S12954
SOLARUSSA,S12876
SU CANALE,S12896
IGLESIAS,S12950
BARBUSI,S12971
BAULADU MILIS,S12875
SANT`ORSOLA,S12806
SAMASSI SERRENTI,S12885
SANLURI STATO,S12883
SANT`ANNA,S12897
MONTI TELTI,S12857
CAGLIARI,S12891
CAGLIARI ELMAS,S12890
CALA SABINA,S12851
CAMPOMELA,S12815
BERCHIDDA,S12859
MONTE ARCAU,S12973
GOLFO ARANCI MARITTIMA,S12850
GOLFO ARANCI,S12852
OLBIA,S12855
ORISTANO,S12878
OSCHIRI,S12860
PABILLONIS,S12881
MACOMER,S12869
DECIMOMANNU,S12888
MUSEI,S12953
PLOAGHE,S12816
VILLAMASSARGIA DOMUSNOVAS,S12952
VILLASOR,S12887
PORTO TORRES,S12802
ABBASANTA,S12873
SAN GAVINO,S12882
ENAS,S12856
TORRALBA,S12865
PORTO TORRES MARITTIMA,S12803
S.GIORGIO DI SASSARI,S12805
MADONNA DI CASTRO,S12853
PAULILATINO,S12874
VILLASPECIOSA UTA,S12956
SAN GIOVANNI,S12804
SASSARI,S12807
TISSI USINI,S12813
ARDARA,S12817
MARINELLA,S12854
OZIERI FRAIGAS,S12861
OZIERI CHILIVANI,S12862
MORES ITTIREDDU,S12864
GIAVE,S12866
MARRUBIU TERRALBA ARBOREA,S12879
SERRAMANNA NURAMINIS,S12886
RUDALZA,S12895
OLBIA MARITTIMA ISOLA BIANCA,S12901
CARBONIA SERBARIU,S12818
URAS MOGORO,S12880
BOLZANO ,S02026
BORGO VALSUGANA CENTRO,S02313
PERI,S02052
ROVERETO,S02044
TRENTO,S02038
PRIMOLANO,S02319
BOLZANO ,S02026
BRENNERO,S02001
FORTEZZA ,S02011
S.CANDIDO,S02114
MERANO,S02216
TRENTO,S02038
